{
    "_id": "1150d48a-4283-409f-95dc-d97487b8ad84",
    "fireId": "RS9943",
    "fireName": "Seymour Flat",
    "fireType": "Wildfire",
    "acres": "5554",
    "location": {
      "type": "Polygon",
      "coordinates": [
        [
          [
            -117.11134379126929,
            34.20160346603049
          ],
          [
            -117.10798610091958,
            34.19998660196589
          ],
          [
            -117.1039608391304,
            34.200657140528875
          ],
          [
            -117.1001263127866,
            34.19951352203607
          ],
          [
            -117.0969593578822,
            34.20136720208963
          ],
          [
            -117.09308922432287,
            34.19916767382965
          ],
          [
            -117.08931445586687,
            34.201069718205865
          ],
          [
            -117.0854920048592,
            34.20072378473356
          ],
          [
            -117.08166955385147,
            34.20171873644652
          ],
          [
            -117.07940395570375,
            34.20433727703325
          ],
          [
            -117.0763754183939,
            34.2063642081673
          ],
          [
            -117.07012760832883,
            34.20560691245068
          ],
          [
            -117.06848274763401,
            34.207251328515426
          ],
          [
            -117.06640873349679,
            34.20716059485629
          ],
          [
            -117.06463262854191,
            34.20910666937414
          ],
          [
            -117.06361946536849,
            34.20695155575267
          ],
          [
            -117.06264217611304,
            34.20532283982852
          ],
          [
            -117.05939341215068,
            34.20556551544504
          ],
          [
            -117.05748292962083,
            34.20651499719138
          ],
          [
            -117.05614464818831,
            34.20509834733235
          ],
          [
            -117.05289588422592,
            34.20415794163868
          ],
          [
            -117.04964712026357,
            34.20487385423831
          ],
          [
            -117.05032205328258,
            34.2003138561715
          ],
          [
            -117.05458626430813,
            34.193817431518575
          ],
          [
            -117.05777102619064,
            34.19513189796259
          ],
          [
            -117.0608604229698,
            34.194868731183185
          ],
          [
            -117.06399750230062,
            34.193777301305374
          ],
          [
            -117.06703921652812,
            34.19513120797372
          ],
          [
            -117.06936949919222,
            34.19527367796662
          ],
          [
            -117.07150904117229,
            34.19431180971252
          ],
          [
            -117.07311783937467,
            34.1947545157701
          ],
          [
            -117.0743513892989,
            34.194956148093894
          ],
          [
            -117.07615715079795,
            34.194842254061896
          ],
          [
            -117.07919646222118,
            34.19437782188371
          ],
          [
            -117.08125126860207,
            34.19050577421621
          ],
          [
            -117.0948542009296,
            34.19024802243432
          ],
          [
            -117.10065846110881,
            34.189367853328896
          ],
          [
            -117.10225259416099,
            34.18981586398785
          ],
          [
            -117.10313147060272,
            34.19377420978069
          ],
          [
            -117.1037719290475,
            34.19654918212422
          ],
          [
            -117.1075730683607,
            34.19671400717342
          ],
          [
            -117.1112788425705,
            34.19624779401901
          ],
          [
            -117.11046061413631,
            34.19667963322768
          ],
          [
            -117.11069142803215,
            34.19845240661287
          ],
          [
            -117.11134379126929,
            34.20160346603049
          ]
        ]
      ]
    },
    "alternateID": 1
  }